{"episode_rewards": [163.0, 158.0, 200.0, 200.0, 190.0, 171.0, 190.0, 180.0, 168.0, 164.0, 200.0, 200.0, 154.0, 139.0, 200.0, 200.0, 200.0, 200.0, 200.0, 200.0, 200.0, 200.0, 200.0, 141.0, 155.0, 170.0, 200.0, 200.0, 170.0, 154.0, 200.0, 200.0, 121.0, 169.0, 200.0, 186.0, 200.0, 200.0, 200.0, 200.0, 200.0, 174.0, 99.0, 200.0, 200.0, 132.0, 200.0, 75.0, 200.0, 161.0, 132.0, 200.0, 172.0, 200.0, 200.0, 200.0, 135.0, 200.0, 200.0, 200.0, 200.0, 200.0, 135.0, 130.0, 149.0, 200.0, 197.0, 200.0, 109.0, 200.0, 200.0, 127.0, 169.0, 200.0, 200.0, 200.0, 187.0, 152.0, 200.0, 184.0, 94.0, 160.0, 192.0, 200.0, 200.0, 200.0, 200.0, 200.0, 200.0, 200.0, 200.0, 200.0, 200.0, 200.0, 143.0, 120.0, 192.0, 200.0, 149.0, 200.0], "initial_reset_timestamp": 1570605710.6385384, "episode_types": ["t", "t", "t", "t", "t", "t", "t", "t", "t", "t", "t", "t", "t", "t", "t", "t", "t", "t", "t", "t", "t", "t", "t", "t", "t", "t", "t", "t", "t", "t", "t", "t", "t", "t", "t", "t", "t", "t", "t", "t", "t", "t", "t", "t", "t", "t", "t", "t", "t", "t", "t", "t", "t", "t", "t", "t", "t", "t", "t", "t", "t", "t", "t", "t", "t", "t", "t", "t", "t", "t", "t", "t", "t", "t", "t", "t", "t", "t", "t", "t", "t", "t", "t", "t", "t", "t", "t", "t", "t", "t", "t", "t", "t", "t", "t", "t", "t", "t", "t", "t"], "episode_lengths": [163, 158, 200, 200, 190, 171, 190, 180, 168, 164, 200, 200, 154, 139, 200, 200, 200, 200, 200, 200, 200, 200, 200, 141, 155, 170, 200, 200, 170, 154, 200, 200, 121, 169, 200, 186, 200, 200, 200, 200, 200, 174, 99, 200, 200, 132, 200, 75, 200, 161, 132, 200, 172, 200, 200, 200, 135, 200, 200, 200, 200, 200, 135, 130, 149, 200, 197, 200, 109, 200, 200, 127, 169, 200, 200, 200, 187, 152, 200, 184, 94, 160, 192, 200, 200, 200, 200, 200, 200, 200, 200, 200, 200, 200, 143, 120, 192, 200, 149, 200], "timestamps": [1570605716.381666, 1570605718.1808589, 1570605718.2908018, 1570605718.3312268, 1570605718.3691344, 1570605718.4035985, 1570605718.4424894, 1570605718.47998, 1570605720.3325243, 1570605720.4332683, 1570605720.4770536, 1570605720.5179448, 1570605720.5488138, 1570605720.5773315, 1570605720.6172028, 1570605720.6576655, 1570605720.7036006, 1570605720.7436848, 1570605720.7847629, 1570605720.8245718, 1570605720.8640254, 1570605720.9035902, 1570605720.943417, 1570605720.971491, 1570605721.0025423, 1570605721.0362937, 1570605721.0760016, 1570605723.2720633, 1570605723.3713577, 1570605723.4030437, 1570605723.4445817, 1570605723.4866974, 1570605723.5108962, 1570605723.5440476, 1570605723.583772, 1570605723.620681, 1570605723.659775, 1570605723.6992254, 1570605723.7384381, 1570605723.7779894, 1570605723.8293896, 1570605723.8637905, 1570605723.8834417, 1570605723.9226508, 1570605723.9618125, 1570605723.9879122, 1570605724.026942, 1570605724.0416193, 1570605724.080332, 1570605724.111921, 1570605724.1377316, 1570605724.1768842, 1570605724.2113955, 1570605724.2541313, 1570605724.2941744, 1570605724.335335, 1570605724.3621671, 1570605724.4021478, 1570605724.4415736, 1570605724.4845078, 1570605724.5241504, 1570605724.566308, 1570605724.5956671, 1570605724.6224713, 1570605726.2448118, 1570605726.3501847, 1570605726.3891041, 1570605726.4289382, 1570605726.452119, 1570605726.4946737, 1570605726.535071, 1570605726.560162, 1570605726.5939708, 1570605726.6341617, 1570605726.6744034, 1570605726.7157872, 1570605726.7544954, 1570605726.785604, 1570605726.8282068, 1570605726.865621, 1570605726.8844264, 1570605726.9162002, 1570605726.9544365, 1570605726.9938283, 1570605727.0347834, 1570605727.0750515, 1570605727.114517, 1570605727.1539795, 1570605727.192983, 1570605727.2332976, 1570605727.2734265, 1570605727.3148074, 1570605727.3544228, 1570605727.3956127, 1570605727.4245193, 1570605727.4506588, 1570605727.4913406, 1570605727.5324202, 1570605727.5622513, 1570605727.6022544]}